{
	"info": {
		"_postman_id": "78a8b0d3-42b3-43da-9a9f-d841781f7177",
		"name": "api",
		"schema": "https://schema.getpostman.com/json/collection/v2.1.0/collection.json"
	},
	"item": [
		{
			"name": "get All articles",
			"request": {
				"method": "GET",
				"header": [],
				"url": {
					"raw": "http://localhost:8080/api/v1/articles",
					"protocol": "http",
					"host": [
						"localhost"
					],
					"port": "8080",
					"path": [
						"api",
						"v1",
						"articles"
					]
				}
			},
			"response": []
		},
		{
			"name": "get article by Id",
			"request": {
				"method": "GET",
				"header": [
					{
						"key": "Authorization",
						"value": "Bearer eyJhbGciOiJIUzI1NiIsInR5cCI6IkpXVCJ9.eyJhZG1pbiI6dHJ1ZSwiZXhwIjoxNjE2NTUwMDczLCJuYW1lIjoiYWRtaW4ifQ.PMwFVdKby7GSVIBGrv1LayPTT2ayygCbC1tAk_AT2BI",
						"type": "text"
					}
				],
				"url": {
					"raw": "http://localhost:8080/api/v1/articles/2",
					"protocol": "http",
					"host": [
						"localhost"
					],
					"port": "8080",
					"path": [
						"api",
						"v1",
						"articles",
						"2"
					]
				}
			},
			"response": []
		},
		{
			"name": "create article",
			"request": {
				"method": "POST",
				"header": [
					{
						"key": "Content-Type",
						"value": "application/json",
						"type": "text"
					}
				],
				"body": {
					"mode": "raw",
					"raw": "{\n    \"title\" : \"Third article\", \n    \"author\" : \"Alex Ivanov\",\n    \"content\" : \"New content for third article\"\n}"
				},
				"url": {
					"raw": "http://localhost:8080/api/v1/articles",
					"protocol": "http",
					"host": [
						"localhost"
					],
					"port": "8080",
					"path": [
						"api",
						"v1",
						"articles"
					]
				}
			},
			"response": []
		},
		{
			"name": "delete article by id",
			"request": {
				"method": "DELETE",
				"header": [],
				"url": {
					"raw": "http://localhost:8080/api/v1/articles/2",
					"protocol": "http",
					"host": [
						"localhost"
					],
					"port": "8080",
					"path": [
						"api",
						"v1",
						"articles",
						"2"
					]
				}
			},
			"response": []
		},
		{
			"name": "register user",
			"request": {
				"method": "POST",
				"header": [
					{
						"key": "Content-Type",
						"value": "application/json",
						"type": "text"
					}
				],
				"body": {
					"mode": "raw",
					"raw": "{\r\n    \"login\" : \"admin\",\r\n    \"password\" : \"admin\"\r\n}"
				},
				"url": {
					"raw": "http://localhost:8080/api/v1/user/register",
					"protocol": "http",
					"host": [
						"localhost"
					],
					"port": "8080",
					"path": [
						"api",
						"v1",
						"user",
						"register"
					]
				}
			},
			"response": []
		},
		{
			"name": "update Article by ID",
			"request": {
				"method": "PUT",
				"header": [
					{
						"key": "Content-Type",
						"value": "application/json",
						"type": "text"
					}
				],
				"body": {
					"mode": "raw",
					"raw": "{\r\n    \"title\" : \"Updated title\",\r\n    \"author\" : \"Updated Author\",\r\n    \"content\" : \"Updated content\"\r\n}"
				},
				"url": {
					"raw": "http://localhost:8080/api/v1/articles/1",
					"protocol": "http",
					"host": [
						"localhost"
					],
					"port": "8080",
					"path": [
						"api",
						"v1",
						"articles",
						"1"
					]
				}
			},
			"response": []
		}
	]
}